,Band 1,Band 2,Band 3,Band 4,Band 5,Band 6
0,0.9999999999989092,0.9598913866132232,0.9525824309081198,0.179987319503273,0.7302472028836935,0.847546939639652
1,0.9598913866132232,1.0,0.9594803960926328,0.31733765174040424,0.727005282346562,0.8218202484440804
2,0.9525824309081198,0.9594803960926328,1.0,0.27051730642178806,0.8125723914555274,0.908407494342384
3,0.179987319503273,0.31733765174040424,0.27051730642178806,1.0,0.5308409435505994,0.35781780128831187
4,0.7302472028836935,0.727005282346562,0.8125723914555274,0.5308409435505994,0.9999999999992938,0.9570922679322873
5,0.847546939639652,0.8218202484440804,0.908407494342384,0.35781780128831187,0.9570922679322873,1.0
